,Lat,Long,city,temp,humidity,windspeed,clouds
0,-74.21381650900346,27.971255740257277,kruisfontein,66.26,90,9.44,0
2,-57.78025244346986,-31.349318552543366,chuy,72.29,78,13.18,0
3,-32.04598252945206,-40.53103823591138,imbituba,75.2,64,10.29,75
4,-6.631769956384588,-49.944597709463466,sao geraldo do araguaia,76.88,100,4.63,68
5,31.053967766280365,-9.34000566568099,agadir,71.6,35,11.41,0
6,-1.424255122825528,-97.32315439233577,puerto ayora,77.0,78,12.75,75
7,54.95224379242387,-27.727135571905478,grindavik,43.75,93,12.75,75
8,-25.32680744614997,66.36467369244761,bambous virieux,78.8,74,18.34,75
9,-34.87514088673955,56.54689071588592,saint-joseph,66.72,32,4.7,0
10,-65.36266638607127,90.6328445200109,busselton,58.34,100,8.43,0
11,-55.30658700990442,-13.479898353989768,cape town,64.4,68,24.16,20
12,69.84814145027372,-121.9908142760543,norman wells,14.0,78,20.8,75
13,-79.84281376943619,-44.52831172254233,ushuaia,49.82,62,12.91,0
14,-14.73717751324645,159.1127227237588,kirakira,80.75,100,4.23,92
15,9.962858205917726,48.616808135021216,bosaso,81.02,100,1.77,80
16,10.591018588488794,78.5074843257355,manapparai,86.0,66,6.93,20
17,24.712064644919963,69.12649087053572,kadhan,81.92,37,11.05,8
18,26.918615072860064,-102.01304348413161,nadadores,64.4,15,16.11,20
19,46.44530089739203,-22.84158780933899,praia da vitoria,62.6,59,16.42,40
21,85.91607121579477,-133.16057473066405,tuktoyaktuk,-4.01,76,9.17,75
23,-29.49704424567272,27.920824814697596,teyateyaneng,46.91,92,2.51,56
25,35.20566284031692,-28.86713488925662,ribeira grande,62.6,55,8.05,20
26,54.10604169688793,145.03028982511535,ekhabi,11.27,78,1.77,24
27,50.01791614661465,-69.68661268208304,forestville,17.6,44,24.16,20
28,24.5959374728738,99.7836948864063,dali,60.77,66,5.41,56
29,6.55983624556238,-144.01450271927894,atuona,81.65,100,20.33,92
30,-62.79996285450692,106.0393482695045,albany,49.33,45,16.11,90
33,49.40049391342791,28.698480798804894,turbiv,62.12,61,10.56,44
34,67.11420329056509,47.49896005841967,leshukonskoye,34.76,74,7.25,36
35,-45.892575482457275,-137.16830663927055,rikitea,79.4,100,16.98,92
37,9.35448215003683,-43.71212515559179,cayenne,82.4,78,13.87,88
38,31.87133780452345,-173.72024350806,kapaa,72.43,94,17.22,90
39,35.19872160781415,141.3263806180566,hasaki,59.0,93,9.17,75
40,-59.52818988748333,8.204421877531985,hermanus,62.75,74,6.08,0
41,-79.18167592269094,13.613161684673827,bredasdorp,66.2,68,9.17,20
42,58.228452648130116,-123.57550850100631,fort nelson,35.6,64,10.29,40
43,63.17459494450512,-14.86162546350539,hofn,42.41,98,5.53,92
46,23.150873363147966,-154.34789179005114,kahului,70.9,88,19.46,40
47,55.33124720010116,-100.66914145132888,flin flon,24.8,45,5.82,40
49,-24.48703510482406,-166.32603225721033,alofi,75.2,69,11.41,12
50,-25.767469789286565,175.4644019521112,vao,46.82,63,5.08,0
51,32.08179837215299,74.95471268318681,narowal,77.0,61,3.78,20
52,-19.876723019469097,-22.219192908486235,georgetown,86.0,66,16.11,40
53,-68.7176927799767,172.19500576001315,bluff,64.01,92,2.84,0
54,0.029868784320029818,-14.112953866102117,monrovia,87.8,66,12.75,75
56,-89.34268653266503,-121.59687037322705,punta arenas,53.71,66,4.7,0
57,-68.2829393034097,147.16314919202046,hobart,48.2,61,12.75,75
58,-19.3817715258389,29.438273974537424,gweru,69.77,55,11.79,0
59,25.239189829942504,-71.3818326295282,cockburn town,78.77,97,22.19,48
60,2.573677517280288,-81.1180310335734,esmeraldas,81.95,47,9.17,40
62,21.716146341613225,129.16687571697122,itoman,75.2,94,13.87,75
63,37.06220965813567,134.94501582842474,mikuni,69.8,52,23.04,75
65,58.78783758860695,171.02784157049854,tilichiki,11.72,86,9.04,0
66,84.15386784298389,-115.91071577907437,yellowknife,32.0,100,8.05,20
68,-29.558544959469025,-50.84947621605062,igrejinha,72.52,64,12.75,75
69,2.3797160212711788,-17.399185709966474,bonthe,84.17,74,6.24,80
70,28.29569322099195,43.18688098569638,buraydah,84.2,28,10.29,0
71,12.916180810964661,164.9254310200887,butaritari,82.55,100,7.76,48
73,55.15682155997803,-126.82660425518338,smithers,37.4,74,3.36,75
75,43.742849612151275,-128.4113779552709,north bend,50.97,81,8.05,90
76,12.426544288784697,-114.41750191077774,cabo san lucas,73.56,68,5.82,5
77,-28.70286428187289,-2.398711809659943,jamestown,57.89,85,16.31,92
78,-15.207856831170858,12.887647249274636,lubango,67.88,100,1.05,68
79,28.284526704183747,102.83881458605822,xichang,62.48,29,2.55,92
80,-3.9280495272068237,120.14054740915611,singkang,78.8,94,3.36,75
81,-13.280029260087304,68.83427617384203,grand gaube,78.8,74,18.34,75
82,23.994711047078,-37.273327771734984,ponta do sol,83.27,51,4.85,48
83,-13.321291199701093,-43.9825757299038,santa maria da vitoria,80.21,79,6.31,20
84,16.480388073858833,134.9028300152953,airai,67.25,88,1.99,8
85,32.53266336948434,-58.81016454183934,saint george,68.0,60,6.93,20
88,50.222591445322365,-116.26281450351726,invermere,39.35,46,2.33,80
89,8.323166455838916,152.41948190541035,kavieng,84.35,100,11.39,64
92,8.815987063024352,7.239153263468211,suleja,74.72,96,1.77,32
94,7.088753934967073,-40.52872105387965,cururupu,81.92,94,5.91,64
96,39.75191548140208,-131.37713667535232,fortuna,67.28,35,12.75,20
99,71.13159138710239,2.4143915296419323,roald,54.88,57,4.7,0
100,32.3827851540627,-24.361522074108535,vila franca do campo,60.8,72,18.34,20
101,57.15629469442078,-60.14595208329598,saint-augustin,63.41,59,3.36,75
102,21.367639257772424,17.27772859343301,faya,68.04,59,11.41,20
103,48.07014494615717,-160.50343667782846,kodiak,39.2,86,11.41,90
104,57.96442828673824,36.98722671922778,krasnyy kholm,34.58,82,7.87,0
106,79.69719753603113,-4.0043033182723775,klaksvik,46.4,93,12.75,75
108,67.80172505955557,85.44272927856213,igarka,7.49,82,7.58,64
111,-8.5715845441445,-27.540828056126543,olinda,84.2,62,5.82,75
112,-66.59016601512386,135.58385324963575,new norfolk,48.2,66,18.34,75
113,-7.022564665794988,16.339546643566422,kasongo-lunda,71.84,89,2.1,92
115,-30.67671845433547,-144.80910615488787,mataura,26.39,89,5.08,0
116,-34.940726350395394,146.4093977117222,leeton,58.07,65,16.98,92
120,15.431975024239023,46.76443666998833,sayyan,61.22,57,2.84,48
121,6.61031671572708,125.5735757782333,tubalan,78.8,83,6.93,75
122,-42.283892977210165,-81.98898474260513,ancud,58.25,79,7.87,64
123,16.96186814307069,-21.394870542301703,santa maria,64.4,88,14.99,90
124,33.61700013273769,109.28301244375427,xian,56.7,81,12.75,75
125,-58.3219332934444,-164.52583564695806,avarua,77.0,83,13.87,75
128,43.39132868044862,91.92889501651905,hami,40.61,42,2.21,0
129,48.407182849658824,-18.94815371026732,dingle,79.49,80,10.94,32
132,82.52686186507918,155.354073805067,chokurdakh,-2.24,48,6.91,0
133,50.850611184800016,80.20821262669705,semey,36.74,76,4.23,92
134,-32.70857958124581,-41.863412050445305,laguna,71.6,10,8.05,5
140,-29.97088674442898,168.31900500612767,ahipara,64.91,95,10.38,76
141,52.799624355597786,-33.86054707242977,tasiilaq,32.0,99,24.16,90
145,-4.115316946367784,116.55346265796021,martapura,78.77,99,5.57,0
148,38.399653887776765,-84.1333316000412,paris,61.23,59,10.29,75
149,72.80240887667367,-51.97849032854782,ilulissat,17.6,78,10.29,75
150,66.51658287657574,97.16501263838722,tura,66.8,98,6.64,0
152,-23.268275605315466,126.37435474046026,yulara,66.2,34,8.05,0
154,32.05980375724381,68.13882883978596,sharan,38.81,94,1.77,68
155,64.09746836561098,140.60861997676187,ust-nera,1.37,62,2.06,56
156,77.10138235110932,-89.23464792116718,qaanaaq,5.78,100,3.51,56
157,-73.09837354241806,43.38825170790099,port alfred,70.13,90,8.03,88
158,25.18936167696829,135.14201984523442,naze,77.0,94,9.17,75
160,5.9380887045628725,-59.406088373724785,bartica,86.0,66,16.11,40
162,-28.15797335668882,-69.8367676323422,copiapo,59.0,77,6.93,90
163,-43.653369964422666,67.58807770474235,souillac,59.65,63,3.36,0
164,-10.35875498428426,-74.92526150752364,villa rica,69.77,99,1.1,92
165,-30.183715253434457,113.41409074592775,geraldton,14.0,47,12.75,90
168,32.084428107197525,39.013242940360186,turayf,75.2,27,9.17,75
169,-19.59774368960703,-72.40374687686607,ilo,72.11,71,3.89,0
170,7.065744525266226,-99.52400687952503,puerto escondido,82.82,100,13.58,0
171,-55.171001454155764,-172.10599710804914,vaini,73.01,83,2.89,0
172,-10.415930839318975,-33.22623692350902,maragogi,79.13,97,7.25,80
173,-11.582582899722084,-26.679540168393203,tamandare,74.36,99,4.52,92
175,87.03395626904913,-63.44172846436766,narsaq,28.4,46,3.36,40
176,-33.19531679499286,85.64595653387704,carnarvon,59.24,71,7.54,0
178,-11.475661269160184,111.39896464001328,boyolangu,71.93,97,2.21,64
179,48.204139122725934,-47.14034232872103,torbay,39.2,78,23.04,75
180,55.84401591645798,-12.148874023523831,westport,53.6,66,20.8,75
183,-50.671778596622374,-89.65733323229803,castro,57.62,79,6.87,88
185,-41.500420072368186,167.33186168143902,wanaka,21.44,76,2.06,8
187,57.343447709862915,35.82632193903339,rameshki,40.07,64,7.36,0
189,23.731358549322977,79.03548925302118,rehli,74.0,59,1.05,12
191,11.104079560536164,17.565229951889904,melfi,60.8,63,11.41,75
192,29.310825693023247,-24.738778277027933,los llanos de aridane,69.8,56,11.41,20
193,16.561842355855006,-127.89300921416951,guerrero negro,78.59,29,9.89,0
195,34.4633901534215,-125.45116669695403,pacific grove,55.85,66,4.29,1
196,43.566409481430554,-54.58630299483215,saint-pierre,59.16,71,6.93,0
198,42.76321791291127,178.29021956911282,nikolskoye,59.0,24,4.47,0
200,56.35090234069787,10.267096924949499,hornslet,57.2,71,6.93,0
201,48.041668342191144,21.472581346673053,tiszaeszlar,75.2,31,2.06,0
203,72.2189751561989,-137.46186249265588,aklavik,3.2,77,11.41,90
204,-28.07763865679707,177.68229331915018,russell,64.4,48,4.7,0
206,-31.03285681402115,-39.58408977562678,arraial do cabo,84.2,74,11.41,75
207,14.053261843886233,-68.40047831380738,rincon,78.35,54,5.82,40
209,66.77702226527776,130.3733593123444,batagay-alyta,0.83,57,2.62,0
210,-8.006812814093962,48.80163851073846,ambilobe,80.75,65,13.8,0
212,59.41693751285328,3.9280468272540645,holme,59.45,55,4.7,20
214,38.411486431457035,76.96360719190534,shache,46.55,55,6.8,0
216,0.5597150157358044,16.344823907285303,ouesso,70.58,100,3.4,68
217,-23.905093318698235,138.482811827124,mount isa,77.0,36,10.29,40
218,-58.19366275531637,157.22819447340487,tuatapere,43.04,100,7.54,20
220,23.40443331584173,14.408027161707679,marzuq,68.24,57,3.22,36
221,49.507525809044665,-105.52154753889639,assiniboia,36.29,86,15.48,68
224,56.54029805685252,27.92138673744077,ludza,50.06,55,10.94,0
230,-4.195038784508114,65.20797772235113,hithadhoo,84.89,100,5.23,32
231,64.04958951906397,108.05135957309045,yerbogachen,39.53,98,7.81,92
233,-8.035243457025544,24.193283145013226,kaniama,65.72,99,3.51,92
236,-40.879566751367655,35.83044074811687,east london,68.0,88,2.24,75
237,85.1146542426994,30.64852239962471,berlevag,31.97,100,7.36,88
240,18.258445287212155,-45.6953395039838,bathsheba,84.2,62,24.16,20
243,21.539845758336142,70.27655995128166,manavadar,82.55,39,6.87,12
244,20.11774468405882,33.09030033410127,marawi,69.14,99,1.88,32
251,41.16797114338951,159.74281973962832,severo-kurilsk,30.35,98,15.86,48
252,46.529386303654746,102.13226188992923,hovd,57.27,43,3.36,0
258,5.613888015603578,101.22553086004638,betong,71.84,97,3.11,12
259,59.50761505314654,76.1791040392531,nizhnevartovsk,28.4,92,15.66,90
260,52.24692472096086,156.02129346358873,oktyabrskiy,50.47,27,4.47,0
261,-1.2324298877227022,121.83614777483729,luwuk,79.94,99,2.28,92
262,88.37898200859206,15.828444951512012,longyearbyen,30.2,63,17.22,75
263,28.820616153074397,-88.2252907774406,pascagoula,75.51,88,19.46,40
267,72.08830639781095,-72.49883656010064,clyde river,-0.41,77,3.36,1
270,38.072106239190475,-82.1684656218568,huntington,78.01,38,11.41,1
271,-23.548370513604667,179.15482761370714,isangel,79.22,100,17.6,92
272,-5.4335134398535985,-2.822729759619506,axim,82.64,98,12.68,12
273,2.7157371579100555,20.862390888105296,binga,76.07,78,3.06,0
278,69.10920588782773,-169.78512584614626,lavrentiya,20.99,100,20.67,68
281,-56.52219070248721,-44.99007799316783,mar del plata,72.11,35,9.15,0
282,89.2210269029762,98.12544762577403,khatanga,8.75,78,10.67,36
284,57.475634466026236,85.85709321688608,pervomayskoye,27.02,81,11.34,24
288,36.20221438477313,-120.25679260259477,coalinga,56.48,41,3.62,1
292,-12.726406991043419,-83.84993617527246,huarmey,79.85,49,4.56,8
295,-20.653459403133922,-55.14657666645016,sidrolandia,86.0,45,12.75,40
296,65.78319787500615,56.174587145464784,puteyets,34.67,99,10.56,88
298,-30.33990535037345,31.366711323880565,umkomaas,62.84,100,2.84,92
300,56.8604903295404,45.03816157840666,sukhobezvodnoye,33.59,86,5.64,0
304,35.64242083059864,19.278660635993077,lithakia,74.01,56,3.36,0
305,12.565682702268916,-109.22054794677773,san patricio,84.98,68,4.34,0
306,67.86477067661008,167.9505293300516,bilibino,-0.8,64,2.21,0
307,21.832322683759116,-146.5881968563183,hilo,66.2,93,9.17,90
308,47.84596557344116,94.84922293342157,erzin,68.77,77,6.93,20
311,45.52367639431094,-78.65210298265093,huntsville,65.12,93,3.36,90
319,54.757273309842276,126.40338782846453,ovsyanka,25.94,70,2.33,0
321,-24.241216929158256,16.687603887813594,maltahohe,69.77,57,3.74,24
324,-20.907055868873158,143.607009726461,charters towers,67.97,98,8.59,76
326,81.69697644730394,126.83455294483099,tiksi,12.17,55,6.76,0
334,67.56203437971652,149.89168337711362,zyryanka,0.11,64,3.11,0
338,83.70448239077231,115.8919605843202,saskylakh,15.41,84,17.09,92
345,-30.57276888710797,138.98987789806228,port augusta,59.0,87,4.7,90
346,82.24751576091913,27.80697912214356,mehamn,30.89,92,5.01,44
349,51.311219944238246,99.3326624645589,orlik,31.7,72,5.23,20
352,72.84236914581976,67.78539609108785,aksarka,20.45,80,15.48,32
354,48.99889154609639,23.341533127590225,skole,55.82,70,3.0,0
355,-6.733515281505987,143.17745703810482,mendi,70.31,31,6.13,0
361,57.108505144275,-131.8064529869873,ketchikan,42.8,87,5.82,90
362,0.9728571485271829,-55.79498395925344,oriximina,87.05,69,3.85,24
363,54.43160018117737,-44.3470984906578,nanortalik,27.29,100,10.27,0
367,-54.05927465475687,67.55741536130483,saint-philippe,26.15,38,12.75,90
368,57.251828819418535,17.964977493962465,visby,59.0,58,12.75,0
371,-13.375273291252427,-90.8332173989744,san cristobal,60.8,59,10.29,75
373,-29.99124385531971,-87.40957624716556,lebu,53.57,98,2.39,76
375,-35.10381407075392,145.06043476985337,deniliquin,56.9,75,15.41,92
377,13.775737617920058,20.233330818083743,abeche,82.1,19,6.35,0
379,30.733149125847206,72.74194386325044,kamalia,76.52,45,7.31,56
382,63.67955517903286,-73.12472401276762,iqaluit,-2.21,70,21.92,5
384,48.622790140881136,24.954078607157754,pechenizhyn,73.4,38,4.47,75
387,70.03915269600682,8.187076149974729,sorland,40.88,99,6.58,68
390,0.9055945052928536,71.77961981247543,thinadhoo,84.98,100,5.01,12
399,28.59263243988606,143.0808072328051,katsuura,66.13,94,5.82,75
406,60.99751640231102,178.44722609659664,beringovskiy,27.2,93,15.59,92
411,25.901344362787086,50.299222378355864,sitrah,79.88,54,10.29,0
412,9.765183564268412,129.27458169934545,bacolod,79.58,78,9.93,12
416,-25.413497554464413,-66.36609636395957,salta,56.97,77,5.82,75
417,40.74161494965307,134.92135322680974,preobrazheniye,23.6,96,1.77,32
419,15.961367130578267,-71.67192807225271,pedernales,88.4,65,4.9,36
422,38.46083266851005,66.60312036561538,boysun,48.71,49,1.61,92
427,15.363773131304924,-60.16039105264399,sainte-marie,25.66,27,2.24,40
429,59.04587868114646,101.17534082796465,vanavara,27.11,72,5.79,0
432,47.129558205097254,-72.24568911888626,sainte-thecle,27.47,38,8.93,0
433,88.69031412475533,174.3721812289392,pevek,6.05,49,7.36,0
434,80.50018875635573,-96.63440247276465,thompson,24.8,38,12.75,40
435,-16.909194989672073,-58.86171029180841,san matias,78.8,47,3.36,20
441,-18.555499667500428,40.3648914258352,angoche,84.17,100,10.11,64
443,67.11177551500543,0.5396994702005031,raudeberg,53.6,50,6.93,0
444,-3.4465908351783554,-34.749634501600724,touros,83.09,90,7.14,64
450,-40.89540360392227,151.86009757507554,launceston,44.6,81,16.11,75
453,-26.409973681927994,141.19086147926203,broken hill,60.5,73,10.33,24
459,71.80674883881693,163.00558145803512,cherskiy,1.37,51,2.55,0
461,15.149417982362408,-162.50748889610702,nanakuli,73.87,88,3.36,75
463,19.357855661418228,-60.810460466502505,codrington,69.14,79,7.14,0
468,80.37656305220167,86.63756220209717,dikson,10.82,84,4.0,44
470,-37.36322214735926,-42.75788543772882,cidreira,71.75,73,12.68,92
473,-15.378620402888814,-46.32186713386051,buritis,82.91,65,6.24,24
474,-5.241897829071675,109.23848965828103,indramayu,71.84,90,2.77,80
475,41.703147575154446,14.825364713688202,campobasso,61.49,33,2.73,80
478,34.61196188591882,-87.10316927527488,decatur,68.68,64,10.29,90
479,-1.7910844938011223,154.58338275114954,namatanai,83.27,99,8.66,80
482,-32.94707375843026,6.442385492627068,luderitz,61.94,88,12.84,0
487,19.27652164082805,7.469015565402941,arlit,91.37,16,7.58,0
488,52.555997376633826,-68.40907464871937,port-cartier,19.4,34,23.04,20
489,52.17479793367227,-92.90971065837574,sioux lookout,20.46,41,3.36,90
497,59.795364739128615,50.668659111501256,nagorsk,35.84,84,13.18,56
501,-10.780638637547028,170.470668282722,sola,46.4,42,4.7,0
502,-35.93914092406946,131.13406440012227,flinders,60.8,51,26.4,0
503,36.163777240414944,-124.67021126115304,half moon bay,56.62,87,5.82,1
504,6.264535377713926,63.95795563594655,ugoofaaru,81.74,100,1.77,76
505,35.16307412780776,50.17989413264843,saveh,50.69,87,1.88,76
506,49.68159841913882,-49.12980777999621,bonavista,37.91,81,24.43,92
513,36.977625740616304,-3.566496942907179,armilla,64.4,42,12.75,20
514,38.068628064496835,50.73397806790189,rudsar,55.4,76,6.93,90
519,-45.49955746591648,-44.34755364227743,rocha,70.85,64,9.82,0
522,88.87665543996368,-151.30069714579668,barrow,70.85,43,15.37,0
523,21.718704110517677,52.9565744803771,abu dhabi,84.2,58,4.7,0
525,-33.62209640600594,147.1274192629159,forbes,58.61,58,13.35,36
528,37.46347425558626,19.91534841475351,lixourion,69.51,78,7.81,0
529,14.898943258158454,-7.518845568271132,nara,68.0,94,38.03,90
530,-6.255881386249598,36.90989641298651,gairo,67.16,81,6.91,48
532,55.64069190137522,68.87381852622781,novoseleznevo,24.86,82,11.95,0
536,45.90649679860036,54.566671635821194,beyneu,41.78,44,4.79,24
537,-16.125595738346675,142.52388747136638,mareeba,77.0,83,9.17,20
543,21.544141886862334,-10.04761050016026,atar,85.43,19,8.32,0
544,35.54401044405893,-9.34532258216646,lagos,87.8,66,13.87,40
545,-3.323393826472895,105.71492957178441,palembang,76.52,96,2.77,20
547,-15.454715131307736,-31.978131761889216,conde,85.97,68,10.16,0
548,-4.099837410375571,-30.27905672324306,natal,86.0,66,10.29,40
549,58.18839153895877,36.65719330289065,molokovo,37.82,76,6.64,0
551,58.22201075606236,-172.57040214689934,provideniya,26.84,100,17.49,76
554,79.48164381025401,91.7223269243915,talnakh,12.98,81,0.76,76
566,-40.97231052753949,-63.551452077193744,viedma,71.57,37,15.7,20
567,-19.52868238567956,-46.661346356782985,ibia,77.51,90,8.1,32
568,-30.92458304122829,124.47117745913692,esperance,84.2,66,20.8,40
569,46.9476115336665,-144.07872709391933,sitka,39.35,43,30.8,88
570,65.1665633953325,-134.28621477873634,mayo,30.2,63,10.29,90
571,-19.277232454825892,-176.1736315546195,pangai,78.41,100,21.12,76
572,44.08930677549989,18.505306890524707,olovo,74.3,43,9.17,0
574,61.5293079732368,-132.7613089238558,whitehorse,26.6,79,3.36,40
576,71.1992902955576,3.5243268674515207,bud,56.57,47,5.82,0
577,26.284844890576267,-81.09803283085355,immokalee,84.22,48,9.17,1
579,51.37560103177768,95.52353652993816,saryg-sep,39.62,60,4.56,68
580,30.467086014413823,60.609908749414416,zabol,82.4,24,9.17,32
584,23.655185649112696,-94.90826650230208,nuevo progreso,71.26,32,20.8,40
590,-7.860177137896727,162.46560239520034,auki,78.59,76,1.77,32
592,33.27276359697194,110.76213825105168,shiyan,38.36,75,1.83,0
594,4.068499961894972,132.80460437035043,kloulklubed,80.6,83,5.82,90
595,65.13850725149769,132.13192943256172,borogontsy,17.39,72,2.39,0
598,68.24032337756,-18.374148533894697,dalvik,57.2,58,3.36,0
599,26.10300892002894,-4.193307307980888,taoudenni,82.55,12,7.31,0
600,-44.13716666106961,-68.23294877407942,comodoro rivadavia,71.6,43,11.41,0
601,-2.4701002711239397,109.78770938987674,manggar,79.85,95,2.55,88
605,-26.544143883585562,-24.673986919872988,vila velha,87.8,58,5.82,40
610,63.39687348911772,-117.49247123419153,hay river,30.2,86,3.51,75
617,-11.206241634946366,6.0479551843332615,namibe,78.59,99,6.8,80
619,30.220310437770323,103.32550569413092,linqiong,53.6,87,4.47,75
622,39.8738548826785,-28.037067737012507,lagoa,60.8,77,18.34,20
632,34.329611770816186,98.00488850081018,xining,17.3,72,2.28,44
638,47.503732972873394,-101.07074497937876,mandan,25.79,58,6.93,1
643,18.275956212968765,-1.8751679029488457,araouane,88.76,13,9.66,0
644,4.68815732854209,-66.7503200211738,puerto ayacucho,89.6,52,4.7,40
649,66.24075305555573,171.57317398570711,komsomolskiy,21.17,85,17.94,76
652,-18.823332940557776,21.04122662083617,shakawe,79.31,41,8.88,0
654,20.239539673694424,114.04686806473126,zhuhai,33.8,50,4.47,0
657,60.34039174960992,-179.49018955786417,egvekinot,1.55,86,3.11,48
666,42.716628520044765,98.64286888673672,jiayuguan,22.34,62,3.62,0
670,74.53113280728806,141.56795952135195,deputatskiy,-7.01,57,2.73,8
675,25.628348951385533,-125.43264196914188,lompoc,59.36,54,5.82,1
677,-25.156149412662515,11.727504598785401,walvis bay,75.2,47,12.75,0
681,61.860198807160145,-157.5146621962066,bethel,32.0,100,4.7,90
682,39.04908980060438,58.780272815158014,buzmeyin,55.4,87,13.87,90
684,6.778396933288818,21.523599144058153,bria,86.24,58,2.28,76
687,24.260161441210442,34.71586340455394,aswan,100.4,7,11.41,0
688,-22.362947928498713,-27.108346219722705,caravelas,79.58,100,10.83,36
689,28.358201994726926,54.50145002353261,darab,52.94,47,3.0,0
692,64.89067431318483,115.84160119360286,almaznyy,44.21,45,6.8,0
693,9.200491258759357,-30.145007738714327,sao filipe,71.57,93,18.72,0
697,31.344038502657966,103.5474078285701,tianpeng,48.35,99,2.89,0
705,35.966754965370924,-91.12347828705373,jonesboro,61.29,93,19.46,90
709,27.424403375422287,-3.3751232925909846,adrar,75.2,16,24.16,0
711,-14.660695612070626,116.33630487024936,praya,78.8,94,9.37,75
712,-12.544826973675143,147.1023336266282,port moresby,75.2,100,2.24,75
717,-34.88678421201098,-63.7093771416873,general pico,72.2,48,16.82,0
718,26.63758105257142,125.04749974152463,hirara,75.62,96,14.47,68
720,14.996362480665624,-32.742210769961076,porto novo,78.8,57,8.05,75
721,-33.80340239722329,7.505512923597649,oranjemund,62.12,97,19.73,0
723,64.49651127152617,133.78249854066132,khandyga,14.06,73,2.62,0
730,54.47012501149089,60.93718983745916,plast,26.3,86,8.81,0
731,51.84203950381095,147.75608739956562,vostok,29.81,98,2.51,80
732,-27.283715501084338,63.6772564425801,mahebourg,78.8,74,18.34,75
734,29.32112881880886,26.366832615693426,marsa matruh,77.0,38,12.75,0
736,36.18633191232601,-90.51320350594258,paragould,63.01,93,11.41,75
740,54.54494334790979,37.88127300728959,yasnogorsk,38.9,67,6.13,0
741,42.007646903369135,-60.03993452160958,port hawkesbury,32.0,86,21.92,90
742,69.51386113108742,-59.4475150616839,upernavik,10.55,100,14.58,20
749,-17.72898945489999,-26.38653790659086,maceio,78.8,88,12.75,75
754,-36.17174519243805,153.9896377512353,kiama,60.8,51,26.4,0
760,50.31343308038467,-96.62106250713916,beausejour,28.4,42,9.17,90
761,28.08328129750909,-9.999208296918084,tiznit,63.92,72,11.12,0
767,17.644555344736432,0.10177952339682861,gao,95.24,15,8.25,0
768,-7.614088030626505,153.6409402938009,buin,69.78,35,3.36,0
769,40.384785776646794,-111.4932861145124,orem,44.76,48,2.51,40
770,9.499540850094263,23.95847889734989,birao,81.74,22,4.85,0
771,48.55608301861869,65.09485547809726,zhezkazgan,42.8,45,26.84,90
773,-45.8762171688809,28.350019670344523,port elizabeth,74.48,56,8.05,1
774,-14.453669568742924,-37.693480947032384,itacare,86.0,70,8.05,20
776,-21.662500143930174,14.567033904777247,henties bay,68.51,84,8.88,0
778,16.404973164961433,4.714682348834742,tahoua,102.2,8,11.41,0
781,15.356555304893192,-81.41290217978613,iralaya,82.64,81,9.55,76
782,72.9526581402186,154.47987780636606,srednekolymsk,-1.43,81,2.33,0
783,34.46897078734757,-70.76531379529476,virginia beach,76.55,50,18.34,1
785,70.61739632781232,23.424201945663327,rypefjord,33.8,100,14.99,32
790,6.518531361143687,-53.41763574246973,mana,69.57,47,9.17,20
792,-12.633537236746335,144.24236299082753,daru,84.8,69,6.53,68
796,17.058984995271103,-100.37730470886397,zacualpan,75.33,46,2.73,5
802,-33.22461239032928,23.424857852436304,willowmore,54.38,86,2.39,0
805,12.742264141619046,-65.7554438807546,caraballeda,86.0,70,5.82,20
806,-3.000398123996632,-8.193998839206131,harper,57.78,28,20.8,1
808,23.91568109959013,71.57768116573035,radhanpur,82.37,24,10.33,0
810,49.26644506666858,9.225299652361485,neckarsulm,55.63,37,4.7,0
811,-23.5058144276435,39.04254774314293,inhambane,74.72,95,10.27,0
812,38.20287198774335,139.09963583276306,niigata,56.99,97,6.64,100
814,-40.27183251066995,-0.8780037686178161,saldanha,58.25,58,7.54,8
816,24.863357935027864,52.40365176956888,doha,82.4,45,13.87,0
818,51.915026484985816,136.0879514558291,berezovyy,14.15,65,2.28,0
823,37.83519866085109,-105.403707320348,alamosa,35.02,42,6.93,40
824,-13.60583306171145,-72.1504904283076,anta,57.2,54,3.36,75
828,29.874469831455855,-74.56903417891009,marsh harbour,79.4,91,14.36,0
829,9.722963676949036,11.93853591683606,numan,89.3,51,3.29,32
830,8.435704566377723,-13.49666264630659,goderich,30.62,89,25.48,92
831,55.44888623266766,127.65307359832389,zeya,22.16,72,2.21,0
838,22.744139138600843,141.0484935722219,shingu,65.27,93,32.64,92
840,-2.5037984855284066,97.72761768746261,padang,81.2,100,9.1,44
843,10.630691419375808,85.55588994264843,trincomalee,76.61,91,3.33,24
847,-6.6265657460341885,-160.40036189463854,faanui,79.76,100,14.14,76
855,37.081065286957895,120.09504152334114,laizhou,45.02,86,8.55,0
856,10.60929961668026,93.50770777392677,port blair,84.89,100,0.76,12
859,-39.01994554622928,-64.04572247662739,bahia blanca,71.39,54,16.6,0
861,50.963839304674565,-2.5311435904856125,yeovil,58.32,62,9.17,0
862,-11.584853809991358,-88.2215930070522,sechura,76.25,68,7.76,68
863,26.393735719146235,69.395406808579,khipro,86.15,21,12.8,0
865,11.665542745335614,-96.90328399987679,pochutla,83.63,97,15.41,0
868,56.944732875663846,140.5764465474316,ayan,53.57,48,2.06,48
869,43.29037938687546,-23.028337815188365,rabo de peixe,60.8,72,18.34,20
873,63.35297712037661,-23.637061093134776,keflavik,43.77,93,12.75,75
876,-36.8686790627182,-67.13692152770508,general roca,64.4,45,11.39,0
878,59.72237295858048,79.67578549276624,kargasok,23.51,75,6.08,24
881,44.93274085116667,-91.26591389360965,chippewa falls,30.61,75,20.8,90
883,39.81607716314224,8.842332778846043,terralba,68.83,35,13.87,20
887,39.72767082622539,108.52869363072745,dongsheng,45.74,88,2.77,0
890,62.51225975759618,-51.633067778638946,nuuk,24.8,79,8.05,40
895,-0.16471745828602025,-45.14503905415151,carutapera,79.49,97,3.85,76
899,-36.08953400066644,22.921279962572214,knysna,62.6,77,5.82,75
900,61.986060912969805,17.298293694078836,hudiksvall,38.45,79,7.09,0
903,27.768413273526463,-15.422324809761449,aguimes,68.0,60,27.51,20
905,-53.048082530596766,-51.44324611819877,necochea,67.25,63,15.41,0
907,16.727449768997957,99.07655086546072,tak,73.37,72,2.89,0
911,-31.209252979415673,159.30865784242633,ballina,53.6,66,20.8,75
912,10.284487085798474,68.52928720211915,kavaratti,86.87,100,2.77,0
919,66.76045633432759,43.39889157298393,kamenka,32.87,85,2.84,0
921,-1.5623453934403955,24.677574868905793,kindu,76.07,78,3.06,80
926,8.125459671592267,-88.63997013543043,santa cruz,56.44,66,3.33,1
927,22.486309093323086,89.020609556272,taki,62.6,100,16.11,75
932,48.78944609347087,138.95744334981873,mayskiy,46.4,70,4.47,90
934,9.089311674845547,-104.25676947637777,acapulco,86.0,55,6.8,5
935,-26.92128637472792,143.6440944384022,roma,70.95,49,5.82,0
936,-3.437841322102898,-72.1931414706938,iquitos,77.0,88,6.93,90
939,-30.446141945801592,150.93628882405466,tamworth,62.6,59,6.93,0
945,-4.987763737707809,128.73983323993792,ambon,57.2,76,13.87,0
947,11.575232272517084,-54.03911689071569,oistins,84.2,62,24.16,20
951,1.6511485405545159,28.06287026073477,wamba,68.15,95,1.28,92
961,63.28567673169411,-140.990086830302,haines junction,21.71,86,2.73,36
963,-45.86666889724519,132.44412745618303,mount gambier,57.26,84,12.12,92
964,19.575381938834155,12.603753759205773,bilma,88.85,15,5.53,0
968,42.38811986048427,-66.99737828880183,yarmouth,59.85,71,6.93,0
972,-22.387180602930854,160.26682487660418,poum,56.72,67,1.77,8
973,60.440967408146264,56.294874130733376,cherdyn,38.9,80,12.35,88
977,-9.858259760258278,24.484491364006487,kamina,68.06,95,2.28,64
980,6.453127195632561,128.32133937052032,san isidro,71.84,90,2.55,8
982,1.069388547197292,-39.4471202818207,itarema,79.76,100,5.08,56
985,45.86978260752511,110.36813949692021,darhan,34.04,51,7.36,0
987,43.2602499871808,-137.78605732667936,port hardy,41.0,93,5.82,90
988,27.15012838278875,-11.777113963458163,puerto del rosario,69.8,49,19.46,20
991,12.252213041665271,73.17993166049212,ullal,86.0,74,5.82,40
992,-38.10790237968636,145.677386626636,pakenham,55.4,66,17.22,75
995,-21.1045831188719,16.852707074958403,otjiwarongo,75.2,60,3.36,36
996,-9.717193278436824,167.0762313525243,lata,43.22,83,2.39,0
1003,65.61500342437779,115.59091586612828,udachnyy,40.43,91,11.34,92
1005,40.703521986081995,-15.542999998845232,peniche,60.8,59,12.75,20
1014,63.72576786506241,-62.509615323854064,pangnirtung,3.2,71,10.29,5
1017,44.41518031535179,125.63553193810282,dehui,39.2,80,8.95,90
1018,-24.412155623084118,-77.28902004582007,taltal,68.69,80,3.62,20
1024,-19.546125804388396,-50.079922130389264,iturama,83.81,76,4.79,32
1028,40.024856986889716,52.846611442686,balkanabat,53.57,88,2.33,92
1029,67.26998799413292,62.19283085013464,zapolyarnyy,37.4,74,4.7,68
1032,60.08799645529524,74.26265624071175,lokosovo,28.01,87,16.98,88
1034,-17.327256224229515,-36.06151269357687,santa cruz cabralia,73.73,100,4.74,92
1036,34.86591847567473,-122.4602126815303,morro bay,58.98,42,5.08,1
1040,11.148164984166925,127.00308049858165,sulangan,83.81,99,16.87,36
1044,-10.074555812363243,-44.01955073559293,bom jesus,85.61,70,7.76,36
1068,18.077871774783816,102.13540535813775,nam som,87.8,55,2.24,20
1071,-5.28851504287087,-61.50953429073098,manicore,80.03,85,2.89,80
1081,43.149652971394374,8.019756594666944,san remo,68.0,45,14.99,0
1082,-22.082490311770258,43.54692638533476,ankazoabo,67.97,87,5.23,24
1083,56.18524226863346,69.20275871735669,ishim,25.22,84,11.9,0
1086,1.2356666793954076,-61.01439803657725,boa vista,91.4,49,9.17,75
1087,35.52032828585533,129.7999888286077,nagato,60.26,93,9.17,75
1089,27.015567967890888,-16.584246137131174,arona,55.22,48,9.17,0
1092,59.76831552313803,161.5611300293848,ossora,16.49,91,17.72,8
1096,32.84044036064667,-99.24602674476614,abilene,53.01,16,28.86,1
1097,-5.915623215459661,-43.515706923559435,estreito,84.2,70,12.75,75
1103,65.4918422891549,60.62316862289521,verkhnyaya inta,28.37,82,8.32,80
1104,26.033892192972672,119.47885598276218,fuzhou,60.8,100,17.9,75
1105,-18.685564789673435,38.75216729822702,mocuba,75.08,89,4.23,64
1107,50.05527353698682,-112.36902391067761,taber,50.0,72,17.22,40
1108,-16.50934040381763,-63.347879500435525,mineros,75.2,69,17.22,40
1112,42.25601461544073,-15.979044522242617,muros,53.6,81,12.75,75
1113,43.58236662708467,114.9383011017843,zhangjiakou,30.44,61,5.79,0
1115,52.23546923702176,80.35689053066108,volchikha,30.62,69,3.62,36
1119,-24.721038791164077,-90.84240858669364,pisco,71.6,83,8.05,0
1124,44.335283850686125,79.57509246588194,zharkent,28.37,58,2.62,8
1125,3.984918176471851,-108.38164216138922,ixtapa,77.0,65,3.36,0
1127,18.827545243078845,41.26752445521342,abha,68.09,59,11.41,20
1131,0.5824497733747052,-50.41385201557179,afua,84.8,66,11.05,68
1135,51.91644972097805,111.5299373379018,mogzon,20.63,61,4.0,0
1136,30.946777311671426,-90.04556170916943,bogalusa,65.61,88,12.75,90
1138,67.48438881360681,-160.9118089155089,nome,59.4,67,17.22,90
1139,-6.7549616063080435,148.51670093138262,finschhafen,71.75,98,1.83,48
1141,8.251477971869761,127.48003649099473,barcelona,57.2,82,11.41,20
1144,36.385691731668544,131.99053124873274,izumo,57.2,82,17.22,75
1166,-43.74643428592674,128.57926494791707,port lincoln,65.0,91,23.91,92
1169,-15.650681475475423,56.0265006107187,cap malheureux,78.8,74,18.34,75
1172,30.40586138222214,-13.891192853194184,teguise,69.8,46,18.34,20
1176,-20.059440031962183,152.12763642668426,mackay,40.1,69,3.36,75
1178,-2.4648816821698034,-50.8167382936318,portel,64.4,52,6.93,40
1180,-44.65940209049502,139.35821451780686,portland,52.68,71,14.99,90
1181,-10.079829656682762,43.63309200283382,mitsamiouli,84.2,79,5.82,20
1187,48.88977693995341,100.6100070415199,moron,76.34,85,3.06,88
1188,15.608257636563152,56.534789330485125,salalah,84.2,74,6.93,40
1189,-14.437204799154983,-63.952550040980654,san ramon,77.0,61,2.51,20
1196,-29.56419446449714,-49.91024622685762,capao da canoa,72.92,100,14.18,92
1198,5.807314684280584,-69.09333485898782,cravo norte,81.29,74,7.02,68
1199,-8.822751276698838,-39.94452611046489,santa maria da boa vista,83.45,75,6.76,12
1202,16.435115050145967,68.94464128359161,srivardhan,73.73,95,3.29,0
1206,-28.291590901767805,-155.85480043847443,avera,77.97,47,9.17,75
1212,57.36422402031755,152.22979662452133,ola,3.2,84,5.23,36
1215,28.29067328302787,110.86810995582897,lengshuijiang,46.37,84,3.29,8
1218,46.54000047445825,-70.18589745734508,saint-prosper,28.82,38,8.93,20
1220,-7.469335707529325,58.7500588941287,victoria,80.58,94,1.12,75
1224,-17.740407167656386,26.50508119318161,hwange,76.16,53,7.36,0
1226,20.174453321650788,-156.9218324490647,lahaina,72.14,88,9.17,20
1232,28.665790366263963,80.16656430668189,kalinagar,74.99,46,10.6,0
1244,2.793264893727084,96.1358059426438,meulaboh,76.34,100,6.58,36
1245,10.689235806861419,-128.03426959261444,constitucion,59.0,30,4.7,5
1248,58.23470486431586,109.1157342214326,alekseyevsk,40.79,62,9.89,44
1253,56.95234285756973,31.676964609640237,toropets,44.48,55,7.92,0
1258,21.64729578838991,-100.69670839333428,tierranueva,76.97,22,9.89,0
1260,62.14367404493751,130.7280708268329,mayya,17.6,85,3.78,0
1261,3.3959132167665445,-34.17711008260406,jardim,89.93,41,7.92,36
1263,-4.69615188176823,150.07443634194226,kimbe,78.59,100,2.21,68
1269,-50.22307398269082,-80.75565918533411,coihaique,59.0,58,5.82,40
1270,19.84121198100914,123.74556073505778,basco,44.58,100,8.05,75
1274,7.989951473485377,-4.66704354412451,dabakala,87.95,61,4.23,56
1277,12.53683559112089,55.45154844172791,bereda,59.0,67,17.22,40
1279,-0.7653614733173981,140.4180353314356,vanimo,80.75,100,6.02,44
1285,-23.134531588604588,132.40094338513353,alice springs,59.0,54,6.64,0
1288,77.8860674296395,32.22748815685043,vardo,79.99,30,11.41,5
1292,11.262265598890579,107.26903750996547,dong xoai,78.68,85,7.43,0
1293,58.37142322493847,158.86199608195693,tigil,16.22,82,6.24,20
1296,0.5281527904018475,36.57953151413241,rumuruti,56.72,98,1.77,80
1298,60.964064454494235,143.83721296531144,okhotsk,14.24,90,1.77,32
1301,64.79899995061885,33.12970994689741,loukhi,32.33,76,6.02,0
1311,1.9151345851194606,-52.866025513096204,camopi,76.25,95,3.85,92
1313,42.58023359806839,126.00171853900804,huinan,38.72,100,11.83,92
1314,57.29744158632616,8.331785733753833,hanstholm,51.32,77,10.89,8
1318,4.213740006140071,102.13667952805162,kuala lipis,72.92,97,2.77,48
1319,52.40463719419526,-101.21983461339471,swan river,28.46,83,9.26,0
1329,35.9711021868322,-75.80132579696031,elizabeth city,76.41,53,16.11,1
1336,-1.671119919541539,117.38708450337981,balikpapan,81.11,100,5.3,8
1341,49.864964759915495,-3.4987345546185793,paignton,51.8,81,10.29,20
1343,-14.714041127721742,117.98674688255255,broome,59.09,76,5.82,40
1347,-8.415451687921419,3.0893967022924187,gamba,8.57,64,3.56,0
1348,0.4547802049092553,148.04266082302132,lorengau,83.27,100,10.04,80
1349,15.970273732258931,82.09301193625237,razole,84.35,99,9.33,8
1352,41.38024748775558,147.9038960162635,nemuro,35.93,99,13.58,92
1354,-49.456406001600094,-69.51334545799561,rio gallegos,59.0,41,9.17,0
1355,57.00207613650056,47.52600543880348,sanchursk,32.42,84,7.25,0
1362,11.672410771761392,-60.04688037058128,scarborough,57.2,58,2.24,68
1363,36.011754374035846,-26.133777351123456,ponta delgada,60.8,72,18.34,20
1366,35.35545727230459,88.49218997189399,lasa,67.35,93,8.05,20
1369,50.94651971950549,123.06224094753344,alihe,22.79,59,4.23,0
1371,9.462401755418426,103.57775878114455,kampot,79.94,83,5.35,12
1373,4.364490993810321,-79.62527104702433,mosquera,60.8,77,2.24,75
1375,56.464956038946525,119.46154547441506,chara,68.0,60,6.93,20
1376,-6.290365999831522,138.66644887535762,kiunga,72.83,98,2.51,92
1380,-17.924129904043724,19.803121016086862,rundu,82.01,37,7.25,92
1381,-41.62222913755198,-70.06925419357947,san carlos de bariloche,50.0,71,1.88,75
1382,58.58131847228756,60.19962594081804,krasnouralsk,37.55,73,11.34,92
1393,61.84312083335493,0.72633873812714,lerwick,46.4,87,4.7,88
1398,-22.226247393974532,18.659802638041043,gobabis,70.94,60,4.56,92
1410,-18.714709326020454,-54.138789699012534,coxim,91.01,40,11.34,64
1414,11.66157699385353,-68.54080066714569,nieuwpoort,56.7,71,9.17,20
1419,-7.781630142652048,5.815300005116143,mayumba,81.65,93,6.76,44
1423,45.048658400361035,5.345803265243774,romans-sur-isere,57.2,76,8.05,90
1438,2.190205405040672,-0.3304354255512294,takoradi,82.91,95,11.68,0
1440,69.94974397776193,176.62612970727082,leningradskiy,-3.86,79,15.59,20
1441,-77.82663773625148,176.02988104261436,kaitangata,44.12,70,17.65,0
1445,29.69965385102391,-99.82700122732959,uvalde,65.55,25,11.41,1
1451,-18.054319003954376,50.59386148231093,toamasina,73.4,100,8.05,75
1458,55.41103497590211,115.86240674430883,taksimo,15.41,71,1.39,8
1466,-29.97098494482566,-83.73142604301816,coquimbo,60.8,72,2.24,75
1467,-10.366978367831493,156.9154994540304,gizo,69.8,68,4.7,0
1469,-19.227240461138024,14.695421709975449,khorixas,70.67,82,3.06,36
1471,46.268376288018544,15.171114285127317,zalec,57.17,68,11.83,0
1473,70.24296351273387,69.58874793580713,yar-sale,25.58,88,26.37,88
1475,-14.056293495764933,-36.000328892414984,camacari,87.8,62,11.41,40
1477,60.967429102506685,6.3105271658739355,balestrand,37.55,91,0.98,8
1482,-9.67431588542317,-65.5557908891322,guayaramerin,84.2,74,10.29,75
1486,-27.939026959921776,-57.387189459914765,cerrito,75.2,83,5.82,75
1487,34.901505915343904,44.622062105731345,kifri,61.04,79,4.85,76
1491,-1.2582292070781307,109.04812855459011,pontianak,78.95,100,4.29,20
